<?xml version="1.0" encoding="UTF-8"?>
<configuration>
    <include resource="org/springframework/boot/logging/logback/defaults.xml"/>
    <property name="spring.application.name" value="search-apigateway"/>
	<include resource="org/springframework/boot/logging/logback/console-appender.xml" />
	<appender name="stash" class="net.logstash.logback.appender.LogstashTcpSocketAppender">
      	<destination>localhost:4560</destination>
      	<!-- encoder is required -->
      	<encoder class="net.logstash.logback.encoder.LogstashEncoder" />
  	</appender>
	<root level="INFO">
		<appender-ref ref="CONSOLE" />
		<appender-ref ref="stash" />
	</root>
</configuration>
